position,test_year,train_start,train_end,k_features,n_ensemble,relevant_topk,relevant_weight,train_pool_cap,rank_mae_all,points_mae_all,n_test_players
QB,2016,2010,2014,200,5,24,3.0,36,8.041666666666666,72.448,24
QB,2017,2010,2015,200,5,24,3.0,36,7.708333333333333,65.29291666666667,24
QB,2018,2010,2016,200,5,24,3.0,36,7.708333333333333,67.60714285714286,24
QB,2019,2010,2017,200,5,24,3.0,36,8.208333333333334,76.12906249999999,24
QB,2020,2010,2018,200,5,24,3.0,36,8.833333333333334,92.94416666666667,24
QB,2021,2010,2019,200,5,24,3.0,36,7.25,75.52333333333333,24
QB,2022,2010,2020,200,5,24,3.0,36,12.125,104.74642045454546,24
QB,2023,2010,2021,200,5,24,3.0,36,14.5,106.67303240740739,24
QB,2024,2010,2022,200,5,24,3.0,36,10.25,88.75564102564103,24
QB,2025,2010,2023,200,5,24,3.0,36,10.166666666666666,85.41958333333334,24
RB,2016,2010,2014,220,5,60,3.0,100,24.016666666666666,79.6285,60
RB,2017,2010,2015,220,5,60,3.0,100,18.833333333333332,57.93625000000001,60
RB,2018,2010,2016,220,5,60,3.0,100,19.233333333333334,70.0034126984127,60
RB,2019,2010,2017,220,5,60,3.0,100,18.316666666666666,70.79076388888889,60
RB,2020,2010,2018,220,5,60,3.0,100,23.816666666666666,75.56509259259259,60
RB,2021,2010,2019,220,5,60,3.0,100,20.85,71.58662962962966,60
RB,2022,2010,2020,220,5,60,3.0,100,19.283333333333335,62.56356060606061,60
RB,2023,2010,2021,220,5,60,3.0,100,19.016666666666666,61.60761904761905,60
RB,2024,2010,2022,220,5,60,3.0,100,18.066666666666666,65.50257407407408,60
RB,2025,2010,2023,220,5,60,3.0,100,14.5,59.445555278055274,60
WR,2016,2010,2014,150,5,80,3.0,140,28.1375,64.48240000000001,80
WR,2017,2010,2015,150,5,80,3.0,140,26.0375,58.43195833333333,80
WR,2018,2010,2016,150,5,80,3.0,140,24.9875,58.770375000000016,80
WR,2019,2010,2017,150,5,80,3.0,140,24.8375,58.20738839285714,80
WR,2020,2010,2018,150,5,80,3.0,140,23.6125,52.25599652777778,80
WR,2021,2010,2019,150,5,80,3.0,140,33.2625,67.71928253968255,80
WR,2022,2010,2020,150,5,80,3.0,140,27.9125,59.114708333333326,80
WR,2023,2010,2021,150,5,80,3.0,140,22.2875,52.0823125,80
WR,2024,2010,2022,150,5,80,3.0,140,26.7625,59.43106181318681,80
WR,2025,2010,2023,150,5,80,3.0,140,22.8125,52.23030494505495,80
TE,2016,2010,2014,180,5,36,3.0,60,17.25,54.25416666666666,36
TE,2017,2010,2015,180,5,36,3.0,60,15.277777777777779,40.74351851851853,36
TE,2018,2010,2016,180,5,36,3.0,60,17.63888888888889,52.10912698412697,36
TE,2019,2010,2017,180,5,36,3.0,60,18.805555555555557,50.355853174603176,36
TE,2020,2010,2018,180,5,36,3.0,60,16.916666666666668,52.17299382716049,36
TE,2021,2010,2019,180,5,36,3.0,60,16.38888888888889,48.2586111111111,36
TE,2022,2010,2020,180,5,36,3.0,60,14.194444444444445,43.838973063973064,36
TE,2023,2010,2021,180,5,36,3.0,60,16.77777777777778,52.47893518518518,36
TE,2024,2010,2022,180,5,36,3.0,60,15.472222222222221,55.23514957264958,36
TE,2025,2010,2023,180,5,36,3.0,60,13.305555555555555,49.33002136752137,36
