player,position,team
Andy Dalton,QB,PHI
Brandon Allen,QB,NYG
Gardner Minshew,QB,ARI
Geno Smith,QB,NYJ
Jake Browning,QB,TB
Josh Johnson,QB,CIN
Justin Fields,QB,KC
Kenny Pickett,QB,CAR
Kirk Cousins,QB,LV
Kyle Allen,QB,BUF
Kyler Murray,QB,MIN
Malik Willis,QB,MIA
Mitchell Trubisky,QB,TEN
Shane Buechele,QB,BUF
Teddy Bridgewater,QB,DET
Tua Tagovailoa,QB,ATL
Tyrod Taylor,QB,GB
Zach Wilson,QB,NO
AJ Dillon,RB,CAR
Ameer Abdullah,RB,JAX
Brian Robinson,RB,ATL
Chris Rodriguez Jr.,RB,JAX
Dameon Pierce,RB,PHI
David Montgomery,RB,HOU
Elijah Mitchell,RB,PHI
Emanuel Wilson,RB,SEA
Emari Demercado,RB,KC
Evan Hull,RB,HOU
Isiah Pacheco,RB,DET
Jerome Ford,RB,WAS
Jordan Mims,RB,SF
Keaton Mitchell,RB,LAC
Kenneth Gainwell,RB,TB
Kenneth Walker III,RB,KC
Michael Carter,RB,TEN
Rachaad White,RB,WAS
Rico Dowdle,RB,PIT
Travis Etienne,RB,NO
Travis Homer,RB,PIT
Ty Chandler,RB,NO
Tyler Allgeier,RB,ARI
Tyler Goodson,RB,ATL
Anthony Firkser,TE,WAS
Austin Hooper,TE,ATL
Ben Sims,TE,MIA
Charlie Kolar,TE,LAC
Chig Okonkwo,TE,WAS
Connor Heyward,TE,LV
Daniel Bellinger,TE,TEN
David Njoku,TE,LAC
Durham Smythe,TE,BAL
Feleipe Franks,TE,CAR
Foster Moreau,TE,HOU
Harrison Bryant,TE,SEA
Hayden Rucci,TE,SF
Isaiah Likely,TE,NYG
Jack Stoll,TE,CLE
Johnny Mundt,TE,PHI
Julian Hill,TE,NE
Kylen Granson,TE,TEN
Noah Fant,TE,NO
Robert Tonyan,TE,PIT
Shane Zylstra,TE,BUF
Stone Smartt,TE,PHI
Tanner Conner,TE,NYG
Teagan Quitoriano,TE,ARI
Tyler Conklin,TE,DET
A.J. Brown,WR,NE
Braxton Berrios,WR,NYG
Calvin Austin III,WR,NYG
Cedrick Wilson Jr.,WR,DET
Christian Kirk,WR,SF
DJ Moore,WR,BUF
Dalevon Campbell,WR,LAC
Dareke Young,WR,LV
Darnell Mooney,WR,NYG
David Sills,WR,TB
Devin Duvernay,WR,ARI
Dontayvion Wicks,WR,PHI
Dyami Brown,WR,WAS
Elijah Moore,WR,PHI
Greg Dortch,WR,DET
Jahan Dotson,WR,ATL
Jalen Nailor,WR,LV
Jalen Tolbert,WR,MIA
Jauan Jennings,WR,MIN
Jaylen Waddle,WR,DEN
John Metchie III,WR,CAR
JuJu Smith-Schuster,WR,NYG
Kalif Raymond,WR,CHI
Kendrick Bourne,WR,ARI
Marquez Valdes-Scantling,WR,DAL
Marquise Brown,WR,PHI
Michael Pittman,WR,PIT
Mike Evans,WR,SF
Nick Westbrook-Ikhine,WR,IND
Olamide Zaccheaus,WR,ATL
Romeo Doubs,WR,NE
Ryan Miller,WR,NYG
Samori Toure,WR,PHI
Scott Miller,WR,CHI
Skyy Moore,WR,GB
Tim Patrick,WR,NYJ
Trent Sherfield,WR,BUF
Tutu Atwell,WR,MIA
Tylan Wallace,WR,CLE
Tyler Johnson,WR,DAL
Van Jefferson,WR,WAS
Wan'Dale Robinson,WR,TEN
Xavier Gipson,WR,NYG
