season,player,position,team,pred_rank_score,pred_rank,pred_points,player_key
2026,Justin Herbert,QB,LAC,1.754920244216919,1.0,374.5,justin herbert
2026,Patrick Mahomes,QB,KC,1.7137105464935305,2.0,359.9,patrick mahomes
2026,Joe Burrow,QB,CIN,1.6914997100830078,3.0,358.3,joe burrow
2026,Josh Allen,QB,BUF,1.5796196460723877,4.0,350.1,josh allen
2026,Baker Mayfield,QB,TB,1.4645538330078125,5.0,325.3,baker mayfield
2026,Drake Maye,QB,NE,1.4298266172409058,6.0,323.8,drake maye
2026,Bo Nix,QB,DEN,1.3969106674194336,7.0,315.8,bo nix
2026,Caleb Williams,QB,CHI,1.1356544494628906,8.0,305.1,caleb williams
2026,Trevor Lawrence,QB,JAX,1.0085817575454712,9.0,305.0,trevor lawrence
2026,Jalen Hurts,QB,PHI,0.8668721914291382,10.0,299.8,jalen hurts
2026,Jordan Love,QB,GB,0.8571346998214722,11.0,285.68,jordan love
2026,Brock Purdy,QB,SF,0.8528255224227905,12.0,282.9,brock purdy
2026,Lamar Jackson,QB,BAL,0.7987506985664368,13.0,249.4,lamar jackson
2026,Sam Darnold,QB,SEA,0.6800749897956848,14.0,246.5,sam darnold
2026,Kyler Murray,QB,MIN,0.6257832646369934,15.0,241.3,kyler murray
2026,Jared Goff,QB,DET,0.6020566821098328,16.0,235.4,jared goff
2026,Matthew Stafford,QB,LA,0.4597190916538238,17.0,234.4,matthew stafford
2026,C.J. Stroud,QB,HOU,0.3480695188045501,18.0,234.2,cj stroud
2026,Dak Prescott,QB,DAL,0.1762454658746719,19.0,229.0,dak prescott
2026,Jayden Daniels,QB,WAS,0.1559989154338836,20.0,221.8,jayden daniels
2026,Cam Ward,QB,TEN,0.1355124562978744,21.0,216.7,cam ward
2026,Daniel Jones,QB,IND,0.1341785639524459,22.0,193.7,daniel jones
2026,Aaron Rodgers,QB,PIT,0.1090255007147789,23.0,190.9,aaron rodgers
2026,Justin Fields,QB,KC,0.0188075061887502,24.0,187.4,justin fields
2026,Jaxson Dart,QB,NYG,-0.0953019484877586,25.0,175.6,jaxson dart
2026,Marcus Mariota,QB,WAS,-0.1746757477521896,26.0,164.0,marcus mariota
2026,Mac Jones,QB,SF,-0.2314463406801223,27.0,156.9,mac jones
2026,Jacoby Brissett,QB,ARI,-0.2515737414360046,28.0,143.6,jacoby brissett
2026,Malik Willis,QB,MIA,-0.3084418773651123,29.0,139.4,malik willis
2026,Tua Tagovailoa,QB,ATL,-0.3999870419502258,30.0,137.3,tua tagovailoa
2026,Fernando Mendoza,QB,LV,-0.4193872562009811,31.0,136.673,fernando mendoza
2026,J.J. McCarthy,QB,MIN,-0.4422581195831299,32.0,136.2,jj mccarthy
2026,Jake Browning,QB,TB,-0.4904084801673889,33.0,132.4,jake browning
2026,Bryce Young,QB,CAR,-0.5403535962104797,34.0,123.2,bryce young
2026,Geno Smith,QB,NYJ,-0.5620943903923035,35.0,117.1,geno smith
2026,Tyler Shough,QB,NO,-0.6114270091056824,36.0,108.6,tyler shough
2026,Cole Payton,QB,PHI,-0.6496169398880005,37.0,104.1,cole payton
2026,Kenny Pickett,QB,CAR,-0.6542569398880005,38.0,104.1,kenny pickett
2026,Mitchell Trubisky,QB,TEN,-0.7277206182479858,39.0,95.0,mitchell trubisky
2026,Kedon Slovis,QB,ARI,-0.7624757885932922,40.0,80.8,kedon slovis
2026,Carson Beck,QB,ARI,-0.7714287523414612,41.0,76.56499999999998,carson beck
2026,Carson Wentz,QB,MIN,-0.7800930142402649,42.0,75.3,carson wentz
2026,Aidan O'Connell,QB,LV,-0.8670634031295776,43.0,72.0,aidan oconnell
2026,Ty Simpson,QB,LA,-0.922906650641632,44.0,67.93599999999999,ty simpson
2026,Jalen Milroe,QB,SEA,-0.9241464734077454,45.0,69.6,jalen milroe
2026,Brady Cook,QB,NYJ,-0.9346057772636414,46.0,64.4,brady cook
2026,Joe Milton III,QB,DAL,-0.9426542520523072,47.0,56.7,joe milton
2026,Cade Klubnik,QB,NYJ,-1.0510761494033811,48.0,53.073,cade klubnik
2026,Tyrod Taylor,QB,GB,-1.0641409158706665,49.0,52.8,tyrod taylor
2026,Adrian Martinez,QB,SF,-1.0780961513519287,50.0,51.1,adrian martinez
2026,Jarrett Stidham,QB,DEN,-1.1003310680389404,51.0,45.2,jarrett stidham
2026,Philip Rivers,QB,IND,-1.1149799823760986,52.0,40.1,philip rivers
2026,Shane Buechele,QB,BUF,-1.231479287147522,53.0,36.2,shane buechele
2026,Jameis Winston,QB,NYG,-1.2443760633468628,54.0,35.4,jameis winston
2026,Dillon Gabriel,QB,CLE,-1.3092743158340454,55.0,34.7,dillon gabriel
2026,Jimmy Garoppolo,QB,LA,-1.3866026401519775,56.0,32.0,jimmy garoppolo
2026,Trey Lance,QB,LAC,-1.461421251296997,57.0,31.2,trey lance
2026,Riley Leonard,QB,IND,-1.4796009063720703,58.0,26.3,riley leonard
2026,Shedeur Sanders,QB,CLE,-1.4936463832855225,59.0,17.0,shedeur sanders
2026,Brett Rypien,QB,CIN,-1.5431454181671145,60.0,14.7,brett rypien
2026,Josh Johnson,QB,CIN,-1.5525414943695068,61.0,14.6,josh johnson
2026,Drew Allar,QB,PIT,-1.5782325063903808,62.0,11.837000000000002,drew allar
2026,Max Brosmer,QB,MIN,-1.5818214416503906,63.0,12.2,max brosmer
2026,Michael Penix Jr.,QB,ATL,-1.584360122680664,64.0,11.1,michael penix
2026,Brandon Allen,QB,NYG,-1.5949512720108032,65.0,10.5,brandon allen
2026,Joe Flacco,QB,CIN,-1.6557896137237549,66.0,9.7,joe flacco
2026,Taylen Green,QB,CLE,-1.6598523180084228,67.0,8.500000000000004,taylen green
2026,Chris Oladokun,QB,KC,-1.6663579940795898,68.0,8.2,chris oladokun
2026,Davis Mills,QB,HOU,-1.6743777990341189,69.0,5.8,davis mills
2026,Anthony Richardson,QB,IND,-1.6879966259002686,70.0,4.8,anthony richardson
2026,Spencer Rattler,QB,NO,-1.7197500467300415,71.0,3.9,spencer rattler
2026,Drew Lock,QB,SEA,-1.7855737209320068,72.0,3.0,drew lock
2026,Cooper Rush,QB,BAL,-1.7919257879257202,73.0,2.9,cooper rush
2026,Tyson Bagent,QB,CHI,-1.7977797985076904,74.0,2.6,tyson bagent
2026,Andy Dalton,QB,PHI,-1.8249397277832031,75.0,2.16,andy dalton
2026,Clayton Tune,QB,GB,-1.830742239952088,76.0,2.1,clayton tune
2026,Kirk Cousins,QB,LV,-1.849980711936951,77.0,1.9,kirk cousins
2026,Tyler Huntley,QB,BAL,-1.85824716091156,78.0,1.4,tyler huntley
2026,Kyle Allen,QB,BUF,-1.9547334909439087,79.0,0.1,kyle allen
2026,Garrett Nussmeier,QB,KC,-1.9570089902202608,80.0,0.0329999999999998,garrett nussmeier
2026,Mason Rudolph,QB,PIT,-1.964507818222046,81.0,0.0,mason rudolph
2026,Joshua Dobbs,QB,NE,-1.981925249099732,82.0,-0.1,joshua dobbs
2026,Quinn Ewers,QB,MIA,-2.06697940826416,83.0,-0.1,quinn ewers
2026,Zach Wilson,QB,NO,-2.102335453033448,84.0,-0.1,zach wilson
2026,Tanner McKee,QB,PHI,-2.252971649169922,85.0,-0.1,tanner mckee
2026,Gardner Minshew,QB,ARI,-2.294136047363281,86.0,-0.3,gardner minshew
2026,Russell Wilson,QB,NYG,-2.3714168071746826,87.0,-0.32,russell wilson
2026,Nick Mullens,QB,JAX,-2.445034980773926,88.0,-1.0,nick mullens
2026,Athan Kaliakmanis,QB,WAS,-2.7121672175598146,89.0,-1.6,athan kaliakmanis
2026,Behren Morton,QB,NE,-2.7121822175598145,90.0,-1.6,behren morton
2026,Teddy Bridgewater,QB,DET,-2.7163472175598145,91.0,-1.6,teddy bridgewater
2026,Jahmyr Gibbs,RB,DET,257.2044982910156,1.0,416.6,jahmyr gibbs
2026,Christian McCaffrey,RB,SF,242.95181274414065,2.0,370.8,christian mccaffrey
2026,James Cook,RB,BUF,221.9117431640625,3.0,366.9,james cook
2026,De'Von Achane,RB,MIA,220.5367126464844,4.0,362.3,devon achane
2026,Ashton Jeanty,RB,LV,219.67251586914065,5.0,322.8,ashton jeanty
2026,Jonathan Taylor,RB,IND,209.79074096679688,6.0,302.2,jonathan taylor
2026,TreVeyon Henderson,RB,NE,204.63229370117188,7.0,282.6,treveyon henderson
2026,Javonte Williams,RB,DAL,204.48880004882807,8.0,279.5,javonte williams
2026,Breece Hall,RB,NYJ,204.2169342041016,9.0,263.3,breece hall
2026,Josh Jacobs,RB,GB,201.3155212402344,10.0,253.9,josh jacobs
2026,Bijan Robinson,RB,ATL,201.3004302978516,11.0,245.1,bijan robinson
2026,Chase Brown,RB,CIN,199.2679138183593,12.0,242.8,chase brown
2026,Kyren Williams,RB,LA,192.36181640625,13.0,237.1,kyren williams
2026,Jeremiyah Love,RB,ARI,190.9945466016601,14.0,234.652,jeremiyah love
2026,D'Andre Swift,RB,CHI,189.67135620117188,15.0,232.3,dandre swift
2026,Travis Etienne,RB,NO,185.59996032714844,16.0,228.6,travis etienne
2026,Derrick Henry,RB,BAL,184.1647186279297,17.0,221.3,derrick henry
2026,Bucky Irving,RB,TB,179.86041259765625,18.0,217.1,bucky irving
2026,Omarion Hampton,RB,LAC,174.98828125,19.0,216.3,omarion hampton
2026,Saquon Barkley,RB,PHI,165.62074279785156,20.0,207.7,saquon barkley
2026,Jaylen Warren,RB,PIT,163.7208251953125,21.0,206.6,jaylen warren
2026,RJ Harvey,RB,DEN,163.18756103515625,22.0,206.2,rj harvey
2026,Rico Dowdle,RB,PIT,152.49417114257812,23.0,191.9,rico dowdle
2026,David Montgomery,RB,HOU,151.22879028320312,24.0,185.8,david montgomery
2026,Rachaad White,RB,WAS,149.0266571044922,25.0,181.4,rachaad white
2026,Kenneth Gainwell,RB,TB,143.3483123779297,26.0,178.8,kenneth gainwell
2026,Tyrone Tracy Jr.,RB,NYG,143.08023071289062,27.0,169.8,tyrone tracy
2026,Chuba Hubbard,RB,CAR,142.99732971191406,28.0,166.9,chuba hubbard
2026,Jadarian Price,RB,SEA,142.82330959555665,29.0,165.619,jadarian price
2026,Kenneth Walker III,RB,KC,142.14614868164062,30.0,160.8,kenneth walker
2026,Quinshon Judkins,RB,CLE,134.14218139648438,31.0,151.1,quinshon judkins
2026,Zach Charbonnet,RB,SEA,131.6318359375,32.0,146.7,zach charbonnet
2026,Tony Pollard,RB,TEN,127.90645599365234,33.0,145.4,tony pollard
2026,Kyle Monangai,RB,CHI,119.0749740600586,34.0,143.0,kyle monangai
2026,Cam Skattebo,RB,NYG,118.51602935791016,35.0,140.3,cam skattebo
2026,Alvin Kamara,RB,NO,118.42591857910156,36.0,138.5,alvin kamara
2026,Jacory Croskey-Merritt,RB,WAS,112.79756927490234,37.0,135.7,jacory croskeymerritt
2026,James Conner,RB,ARI,111.9088897705078,38.0,128.9,james conner
2026,Bhayshul Tuten,RB,JAX,106.6516342163086,39.0,127.7,bhayshul tuten
2026,Najee Harris,RB,LAC,105.83317565917967,40.0,125.4,najee harris
2026,Tyjae Spears,RB,TEN,100.88706970214844,41.0,123.0,tyjae spears
2026,Kimani Vidal,RB,LAC,100.19158172607422,42.0,122.2,kimani vidal
2026,Blake Corum,RB,LA,98.39533996582033,43.0,118.7,blake corum
2026,Rhamondre Stevenson,RB,NE,98.3752212524414,44.0,117.9,rhamondre stevenson
2026,Woody Marks,RB,HOU,98.25702667236328,45.0,115.9,woody marks
2026,Emanuel Wilson,RB,SEA,97.99012756347656,46.0,111.7,emanuel wilson
2026,Kareem Hunt,RB,KC,96.28346252441406,47.0,108.8,kareem hunt
2026,Devin Neal,RB,NO,95.1374053955078,48.0,100.7,devin neal
2026,Brian Robinson,RB,ATL,92.96705627441406,49.0,100.3,brian robinson
2026,Tyler Allgeier,RB,ARI,90.69059753417967,50.0,99.0,tyler allgeier
2026,Devin Singletary,RB,NYG,89.827880859375,51.0,94.5,devin singletary
2026,Aaron Jones,RB,MIN,89.44239807128906,52.0,92.9,aaron jones
2026,Chris Rodriguez Jr.,RB,JAX,87.82205963134766,53.0,92.0,chris rodriguez
2026,Ray Davis,RB,BUF,87.60472106933594,54.0,91.4,ray davis
2026,Jordan Mason,RB,MIN,86.23567962646484,55.0,88.6,jordan mason
2026,Jonah Coleman,RB,DEN,85.15305830693359,56.0,88.336,jonah coleman
2026,Trey Benson,RB,ARI,85.00035858154297,57.0,88.3,trey benson
2026,Samaje Perine,RB,CIN,84.61846923828125,58.0,87.6,samaje perine
2026,Isaiah Davis,RB,NYJ,84.02742004394531,59.0,87.3,isaiah davis
2026,Isiah Pacheco,RB,DET,83.83232116699219,60.0,77.9,isiah pacheco
2026,Ty Johnson,RB,BUF,81.6476058959961,61.0,72.7,ty johnson
2026,J.K. Dobbins,RB,DEN,81.1275405883789,62.0,71.2,jk dobbins
2026,Jaylen Wright,RB,MIA,79.0245590209961,63.0,65.2,jaylen wright
2026,Emmett Johnson,RB,KC,76.26331709677734,64.0,64.14399999999999,emmett johnson
2026,Austin Ekeler,RB,WAS,76.14369201660156,65.0,64.1,austin ekeler
2026,Jawhar Jordan,RB,HOU,75.27996063232422,66.0,63.3,jawhar jordan
2026,Mike Washington Jr.,RB,LV,74.9557492703125,67.0,63.076,mike washington
2026,Nick Chubb,RB,HOU,74.10643005371094,68.0,62.5,nick chubb
2026,Malik Davis,RB,DAL,73.90877532958984,69.0,60.0,malik davis
2026,Nicholas Singleton,RB,TEN,73.72578800029298,70.0,59.18399999999999,nicholas singleton
2026,Jaleel McLaughlin,RB,DEN,73.51847839355469,71.0,58.3,jaleel mclaughlin
2026,Emari Demercado,RB,KC,73.1439437866211,72.0,55.4,emari demercado
2026,Keaton Mitchell,RB,LAC,71.96022033691406,73.0,54.1,keaton mitchell
2026,Kaytron Allen,RB,WAS,71.85483107192383,74.0,54.058,kaytron allen
2026,Dylan Sampson,RB,CLE,71.17652130126953,75.0,53.8,dylan sampson
2026,Jeremy McNichols,RB,WAS,70.10518646240234,76.0,48.2,jeremy mcnichols
2026,Amar Johnson,RB,LAC,70.01077270507812,77.0,48.1,amar johnson
2026,Sean Tucker,RB,TB,69.99957275390625,78.0,43.6,sean tucker
2026,Audric Estimé,RB,NO,69.33137512207031,79.0,40.6,audric estim
2026,Jaret Patterson,RB,LAC,69.3040542602539,80.0,39.2,jaret patterson
2026,Kendre Miller,RB,NO,69.0543441772461,81.0,37.0,kendre miller
2026,Demond Claiborne,RB,MIN,68.86023738837892,82.0,36.92300000000001,demond claiborne
2026,AJ Dillon,RB,CAR,66.22054290771484,83.0,35.9,aj dillon
2026,Raheem Mostert,RB,LV,65.14030456542969,84.0,35.4,raheem mostert
2026,Justice Hill,RB,BAL,64.94917297363281,85.0,35.4,justice hill
2026,DJ Giddens,RB,IND,63.1823616027832,86.0,33.3,dj giddens
2026,Kaelon Black,RB,SF,63.05073720644531,87.0,33.3,kaelon black
2026,Tank Bigsby,RB,PHI,62.873634338378906,88.0,33.3,tank bigsby
2026,Brashard Smith,RB,KC,60.7757568359375,89.0,32.7,brashard smith
2026,Michael Carter,RB,TEN,60.51018142700195,90.0,31.4,michael carter
2026,Braelon Allen,RB,NYJ,59.840576171875,91.0,29.7,braelon allen
2026,Cam Akers,RB,SEA,59.559852600097656,92.0,29.4,cam akers
2026,Antonio Gibson,RB,NE,58.4756965637207,93.0,26.7,antonio gibson
2026,Chris Brooks,RB,GB,57.48662185668945,94.0,25.7,chris brooks
2026,Jacob Saylors,RB,DET,55.71364212036133,95.0,24.8,jacob saylors
2026,Adam Randall,RB,BAL,55.659265967822265,96.0,24.512,adam randall
2026,Seth McGowan,RB,IND,55.61415976690674,97.0,24.290000000000003,seth mcgowan
2026,Jerome Ford,RB,WAS,55.59174346923828,98.0,24.2,jerome ford
2026,Miles Sanders,RB,DAL,53.37648391723633,99.0,24.1,miles sanders
2026,Jacardia Wright,RB,SEA,52.3259162902832,100.0,23.2,jacardia wright
2026,Velus Jones Jr.,RB,SEA,51.70720672607422,101.0,20.8,velus jones
2026,Brittain Brown,RB,CHI,51.69014358520508,102.0,20.4,brittain brown
2026,Dameon Pierce,RB,PHI,50.02261352539063,103.0,20.3,dameon pierce
2026,Isaac Guerendo,RB,SF,48.23324203491211,104.0,17.5,isaac guerendo
2026,Khalil Herbert,RB,NYJ,48.0159797668457,105.0,17.1,khalil herbert
2026,Trevor Etienne,RB,CAR,47.50016403198242,106.0,15.7,trevor etienne
2026,Kaleb Johnson,RB,PIT,47.2972526550293,107.0,15.3,kaleb johnson
2026,Ronnie Rivers,RB,LA,46.68992233276367,108.0,15.2,ronnie rivers
2026,Kene Nwangwu,RB,NYJ,46.33517074584961,109.0,13.1,kene nwangwu
2026,Ulysses Bentley IV,RB,IND,45.16345977783203,110.0,11.7,ulysses bentley
2026,Ollie Gordon II,RB,MIA,44.58496475219727,111.0,11.6,ollie gordon
2026,Robbie Ouzts,RB,SEA,42.97206115722656,112.0,10.9,robbie ouzts
2026,Jam Miller,RB,NE,42.90799510433349,113.0,10.9,jam miller
2026,Kendall Milton,RB,CIN,42.21589279174805,114.0,10.9,kendall milton
2026,Hunter Luepke,RB,DAL,42.1517333984375,115.0,10.0,hunter luepke
2026,Dylan Laube,RB,LV,41.412109375,116.0,9.7,dylan laube
2026,Phil Mafah,RB,DAL,40.78231048583984,117.0,9.6,phil mafah
2026,Roschon Johnson,RB,CHI,40.55240631103516,118.0,9.6,roschon johnson
2026,Zavier Scott,RB,MIN,40.268165588378906,119.0,9.3,zavier scott
2026,Nyheim Hines,RB,NO,39.76676940917969,120.0,9.1,nyheim hines
2026,Craig Reynolds,RB,DET,38.82587432861328,121.0,8.8,craig reynolds
2026,Raheim Sanders,RB,CLE,38.775657653808594,122.0,8.8,raheim sanders
2026,Myles Gaskin,RB,SEA,38.71525192260742,123.0,7.8,myles gaskin
2026,DeeJay Dallas,RB,JAX,38.33133316040039,124.0,7.2,deejay dallas
2026,Ameer Abdullah,RB,JAX,37.89957046508789,125.0,6.6,ameer abdullah
2026,Nate Carter,RB,ATL,37.85335540771485,126.0,6.4,nate carter
2026,Bam Knight,RB,ARI,37.77589797973633,127.0,6.4,bam knight
2026,Kalel Mullings,RB,TEN,37.49369812011719,128.0,5.2,kalel mullings
2026,Jaydon Blue,RB,DAL,37.3007926940918,129.0,4.6,jaydon blue
2026,Elijah Mitchell,RB,PHI,36.85179901123047,130.0,4.2,elijah mitchell
2026,Trayveon Williams,RB,CLE,36.78807830810547,131.0,4.0,trayveon williams
2026,Corey Kiner,RB,ARI,36.11310958862305,132.0,4.0,corey kiner
2026,D'Ernest Johnson,RB,NE,35.468868255615234,133.0,3.7,dernest johnson
2026,LeQuint Allen Jr.,RB,JAX,35.272830963134766,134.0,3.6,lequint allen
2026,Clyde Edwards-Helaire,RB,KC,33.36191940307617,135.0,2.5,clyde edwardshelaire
2026,Josh Williams,RB,TB,32.900360107421875,136.0,2.1,josh williams
2026,Andrew Beck,RB,NYJ,32.64726257324219,137.0,2.0,andrew beck
2026,Terrell Jennings,RB,NE,32.36204528808594,138.0,1.7,terrell jennings
2026,George Holani,RB,SEA,31.646142959594727,139.0,1.1,george holani
2026,Travis Homer,RB,PIT,31.27261734008789,140.0,1.1,travis homer
2026,Owen Wright,RB,TB,31.08835220336914,141.0,0.8,owen wright
2026,Sione Vaki,RB,DET,30.703914642333984,142.0,0.7,sione vaki
2026,Will Shipley,RB,PHI,30.31553268432617,143.0,0.6,will shipley
2026,Tahj Brooks,RB,CIN,29.507944107055664,144.0,0.6,tahj brooks
2026,Gary Brightwell,RB,CIN,29.34343338012696,145.0,0.4,gary brightwell
2026,Tyler Badie,RB,DEN,29.164337158203125,146.0,0.4,tyler badie
2026,Eric Gray,RB,NYG,27.90638732910156,147.0,0.2,eric gray
2026,Rasheen Ali,RB,BAL,27.87705993652344,148.0,0.0,rasheen ali
2026,Lew Nichols III,RB,PIT,27.36439514160156,149.0,0.0,lew nichols
2026,Tyler Goodson,RB,ATL,26.435062408447266,150.0,0.0,tyler goodson
2026,Evan Hull,RB,HOU,21.61627769470215,151.0,0.0,evan hull
2026,Trey Sermon,RB,PIT,21.4077091217041,152.0,0.0,trey sermon
2026,Chase Edmonds,RB,WAS,20.84809303283692,153.0,0.0,chase edmonds
2026,Avery Williams,RB,NYJ,20.69820976257324,154.0,0.0,avery williams
2026,Julius Chestnut,RB,TEN,20.03024673461914,155.0,0.0,julius chestnut
2026,Ty Chandler,RB,NO,19.21845054626465,156.0,0.0,ty chandler
2026,British Brooks,RB,HOU,19.20808982849121,157.0,0.0,british brooks
2026,Zamir White,RB,LV,18.5350341796875,158.0,0.0,zamir white
2026,Adam Prentice,RB,DEN,15.483880996704102,159.0,0.0,adam prentice
2026,Hassan Haskins,RB,LAC,14.447787284851074,160.0,0.0,hassan haskins
2026,Jakob Johnson,RB,HOU,14.230692863464355,161.0,0.0,jakob johnson
2026,Dare Ogunbowale,RB,HOU,7.516186714172363,162.0,-0.2,dare ogunbowale
2026,Jordan Mims,RB,SF,5.367928504943848,163.0,-0.2,jordan mims
2026,Tyler Warren,TE,IND,198.6744079589844,1.0,315.9,tyler warren
2026,Trey McBride,TE,ARI,198.36407470703125,2.0,210.8,trey mcbride
2026,Travis Kelce,TE,KC,183.0050506591797,3.0,193.2,travis kelce
2026,Kyle Pitts,TE,ATL,175.45083618164062,4.0,188.5,kyle pitts
2026,Colston Loveland,TE,CHI,163.46456909179688,5.0,188.1,colston loveland
2026,Dalton Schultz,TE,HOU,156.0338897705078,6.0,186.4,dalton schultz
2026,Harold Fannin Jr.,TE,CLE,148.64956665039062,7.0,185.1,harold fannin
2026,Juwan Johnson,TE,NO,145.98294067382812,8.0,179.9,juwan johnson
2026,Dalton Kincaid,TE,BUF,144.89195251464844,9.0,178.8,dalton kincaid
2026,George Kittle,TE,SF,144.21359252929688,10.0,177.7,george kittle
2026,Oronde Gadsden II,TE,LAC,142.9715576171875,11.0,176.2,oronde gadsden
2026,Theo Johnson,TE,NYG,134.64022827148438,12.0,165.1,theo johnson
2026,Cade Otton,TE,TB,133.5812530517578,13.0,161.5,cade otton
2026,Hunter Henry,TE,NE,133.42074584960938,14.0,147.3,hunter henry
2026,Mason Taylor,TE,NYJ,129.05967712402344,15.0,131.4,mason taylor
2026,AJ Barner,TE,SEA,128.49282836914062,16.0,131.0,aj barner
2026,Brock Bowers,TE,LV,127.9507827758789,17.0,129.8,brock bowers
2026,Brenton Strange,TE,JAX,126.98030090332033,18.0,127.8,brenton strange
2026,Evan Engram,TE,DEN,122.1973876953125,19.0,126.4,evan engram
2026,Dallas Goedert,TE,PHI,118.9418716430664,20.0,126.1,dallas goedert
2026,Zach Ertz,TE,WAS,117.6120376586914,21.0,124.0,zach ertz
2026,Sam LaPorta,TE,DET,113.919921875,22.0,122.2,sam laporta
2026,Pat Freiermuth,TE,PIT,113.52772521972656,23.0,118.0,pat freiermuth
2026,Tucker Kraft,TE,GB,112.1316146850586,24.0,117.2,tucker kraft
2026,Mark Andrews,TE,BAL,104.8585205078125,25.0,113.6,mark andrews
2026,Kenyon Sadiq,TE,NYJ,104.47045971215822,26.0,113.48,kenyon sadiq
2026,Cole Kmet,TE,CHI,102.2397918701172,27.0,112.8,cole kmet
2026,David Njoku,TE,LAC,100.6275634765625,28.0,106.9,david njoku
2026,T.J. Hockenson,TE,MIN,95.1709213256836,29.0,103.7,tj hockenson
2026,Terrance Ferguson,TE,LA,94.9209442138672,30.0,102.8,terrance ferguson
2026,Mike Gesicki,TE,CIN,94.71166229248048,31.0,93.3,mike gesicki
2026,Chig Okonkwo,TE,WAS,89.67596435546875,32.0,91.7,chig okonkwo
2026,Jake Ferguson,TE,DAL,89.35316467285156,33.0,88.9,jake ferguson
2026,Noah Fant,TE,NO,88.04312896728516,34.0,88.7,noah fant
2026,Taysom Hill,TE,NO,87.88981628417969,35.0,86.3,taysom hill
2026,Eli Stowers,TE,PHI,87.69893158598633,36.0,85.717,eli stowers
2026,Elijah Arroyo,TE,SEA,87.5208740234375,37.0,85.2,elijah arroyo
2026,Dawson Knox,TE,BUF,87.17527770996094,38.0,78.7,dawson knox
2026,Luke Musgrave,TE,GB,86.54508972167969,39.0,74.8,luke musgrave
2026,Jonnu Smith,TE,PIT,86.02896118164062,40.0,73.8,jonnu smith
2026,Gunnar Helm,TE,TEN,85.30363464355469,41.0,73.4,gunnar helm
2026,Matthew Hibner,TE,BAL,80.23957009277343,42.0,71.1,matthew hibner
2026,Max Bredeson,TE,MIN,80.23957009277343,43.0,71.1,max bredeson
2026,Riley Nowakowski,TE,PIT,80.23957009277343,44.0,71.1,riley nowakowski
2026,Jaren Kanak,TE,TEN,80.23957009277343,45.0,71.1,jaren kanak
2026,Dallen Bentley,TE,DEN,80.23957009277343,46.0,71.1,dallen bentley
2026,Greg Dulcich,TE,MIA,80.23497009277344,47.0,71.1,greg dulcich
2026,Oscar Delp,TE,NO,79.15211776230468,48.0,70.956,oscar delp
2026,Tyler Conklin,TE,DET,77.21427917480469,49.0,70.7,tyler conklin
2026,Isaiah Likely,TE,NYG,74.34471130371094,50.0,63.9,isaiah likely
2026,Darren Waller,TE,CAR,73.69068908691406,51.0,62.8,darren waller
2026,Noah Gray,TE,KC,71.98775482177734,52.0,62.8,noah gray
2026,Max Klare,TE,LA,71.53622555727539,53.0,61.766000000000005,max klare
2026,Tyler Higbee,TE,LA,71.5025634765625,54.0,61.7,tyler higbee
2026,Ja'Tavion Sanders,TE,CAR,70.9063949584961,55.0,59.6,jatavion sanders
2026,Eli Raridon,TE,NE,70.256483125,56.0,59.3,eli raridon
2026,Jake Tonges,TE,SF,70.251953125,57.0,59.3,jake tonges
2026,Jeremy Ruckert,TE,NYJ,69.32694244384766,58.0,58.1,jeremy ruckert
2026,Colby Parkinson,TE,LA,68.05367279052734,59.0,55.0,colby parkinson
2026,Justin Joly,TE,DEN,68.00540345903319,60.0,54.67,justin joly
2026,Darnell Washington,TE,PIT,67.89374542236328,61.0,54.0,darnell washington
2026,Foster Moreau,TE,HOU,67.88606262207031,62.0,52.7,foster moreau
2026,Austin Hooper,TE,ATL,67.6818618774414,63.0,52.1,austin hooper
2026,Cade Stover,TE,HOU,67.55967712402344,64.0,49.2,cade stover
2026,Josh Oliver,TE,MIN,67.42925262451172,65.0,48.2,josh oliver
2026,Connor Heyward,TE,LV,64.2601318359375,66.0,47.8,connor heyward
2026,Will Dissly,TE,LAC,63.06267547607422,67.0,46.9,will dissly
2026,Michael Mayer,TE,LV,61.26987457275391,68.0,45.5,michael mayer
2026,Tommy Tremble,TE,CAR,61.035400390625,69.0,41.8,tommy tremble
2026,Harrison Bryant,TE,SEA,59.08614349365234,70.0,38.8,harrison bryant
2026,Jelani Woods,TE,NYJ,58.441062927246094,71.0,36.9,jelani woods
2026,Julian Hill,TE,NE,58.40250396728516,72.0,36.8,julian hill
2026,Marlin Klein,TE,HOU,57.26583017978517,73.0,36.254000000000005,marlin klein
2026,Adam Trautman,TE,DEN,57.14859771728516,74.0,36.2,adam trautman
2026,Stone Smartt,TE,PHI,56.9371223449707,75.0,32.5,stone smartt
2026,Tanner Koziol,TE,JAX,55.97462443481445,76.0,31.9,tanner koziol
2026,Robert Tonyan,TE,PIT,55.97026443481445,77.0,31.9,robert tonyan
2026,Ben Sinnott,TE,WAS,55.7110595703125,78.0,31.0,ben sinnott
2026,Will Kacmarek,TE,MIA,55.5532957585083,79.0,30.733,will kacmarek
2026,Ben Sims,TE,MIA,55.5289192199707,80.0,30.7,ben sims
2026,Tucker Fisk,TE,LAC,54.76580810546875,81.0,29.5,tucker fisk
2026,Davis Allen,TE,LA,53.59393310546875,82.0,28.4,davis allen
2026,Daniel Bellinger,TE,TEN,52.49474334716797,83.0,27.4,daniel bellinger
2026,Mitchell Evans,TE,CAR,51.2972412109375,84.0,27.3,mitchell evans
2026,Tanner Hudson,TE,CIN,51.289695739746094,85.0,27.2,tanner hudson
2026,Nate Boerkircher,TE,JAX,51.183964818847656,86.0,26.8,nate boerkircher
2026,Blake Whiteheart,TE,CLE,50.73960113525391,87.0,25.2,blake whiteheart
2026,E.J. Jenkins,TE,PHI,50.06012725830078,88.0,24.4,ej jenkins
2026,Sal Cannella,TE,CLE,49.34298324584961,89.0,24.0,sal cannella
2026,Sam Roush,TE,CHI,48.83103521812743,90.0,23.398,sam roush
2026,Jack Endries,TE,CIN,48.62695297460939,91.0,23.160000000000007,jack endries
2026,Kylen Granson,TE,TEN,48.14250946044922,92.0,22.6,kylen granson
2026,Durham Smythe,TE,BAL,48.1323471069336,93.0,20.7,durham smythe
2026,Jared Wiley,TE,KC,48.05083465576172,94.0,20.1,jared wiley
2026,Joe Royer,TE,CLE,47.25407122680664,95.0,19.9,joe royer
2026,Tanner Conner,TE,NYG,47.24985122680664,96.0,19.9,tanner conner
2026,Charlie Kolar,TE,LAC,46.77340698242188,97.0,18.1,charlie kolar
2026,Payne Durham,TE,TB,46.4342155456543,98.0,17.5,payne durham
2026,Elijah Higgins,TE,ARI,46.092403411865234,99.0,17.3,elijah higgins
2026,Grant Calcaterra,TE,PHI,45.62468338012695,100.0,16.8,grant calcaterra
2026,John Bates,TE,WAS,45.49652099609375,101.0,16.6,john bates
2026,Drew Sample,TE,CIN,45.39469146728516,102.0,14.6,drew sample
2026,Seydou Traore,TE,MIA,45.24427601689454,103.0,13.456000000000008,seydou traore
2026,Luke Schoonmaker,TE,DAL,45.21904754638672,104.0,13.3,luke schoonmaker
2026,Brenden Bates,TE,CLE,45.18780899047852,105.0,13.0,brenden bates
2026,Colson Yankoff,TE,WAS,45.13831329345703,106.0,12.9,colson yankoff
2026,Tip Reiman,TE,ARI,44.32612991333008,107.0,12.8,tip reiman
2026,Cameron Latu,TE,PHI,43.89368438720703,108.0,12.7,cameron latu
2026,Brevyn Spann-Ford,TE,DAL,43.76161575317383,109.0,12.2,brevyn spannford
2026,Lucas Krull,TE,DEN,43.75186920166016,110.0,11.1,lucas krull
2026,Johnny Mundt,TE,PHI,43.659645080566406,111.0,11.0,johnny mundt
2026,Chris Manhertz,TE,NYG,42.86433792114258,112.0,9.1,chris manhertz
2026,Cam Grandy,TE,CIN,41.64337158203125,113.0,8.8,cam grandy
2026,Nate Adkins,TE,DEN,41.44247817993164,114.0,8.6,nate adkins
2026,Jackson Hawes,TE,BUF,41.34371948242188,115.0,7.6,jackson hawes
2026,Drake Dabney,TE,GB,40.540313720703125,116.0,7.5,drake dabney
2026,Bauer Sharp,TE,TB,40.36861140234375,117.0,6.900000000000006,bauer sharp
2026,Ben Yurosek,TE,MIN,40.2474365234375,118.0,6.5,ben yurosek
2026,Quintin Morris,TE,JAX,39.22995376586914,119.0,6.0,quintin morris
2026,Josh Whyle,TE,GB,38.461181640625,120.0,5.8,josh whyle
2026,Teagan Quitoriano,TE,ARI,37.482887268066406,121.0,5.0,teagan quitoriano
2026,Luke Farrell,TE,SF,36.89063262939453,122.0,4.8,luke farrell
2026,Brock Wright,TE,DET,36.88605499267578,123.0,3.9,brock wright
2026,Josh Cuevas,TE,BAL,36.86177860351562,124.0,3.8,josh cuevas
2026,Feleipe Franks,TE,CAR,36.857818603515625,125.0,3.8,feleipe franks
2026,Shane Zylstra,TE,BUF,36.40338134765625,126.0,3.7,shane zylstra
2026,Zaire Mitchell-Paden,TE,NO,36.37472534179688,127.0,3.5,zaire mitchellpaden
2026,Nikola Kalinic,TE,CHI,36.26295852661133,128.0,3.4,nikola kalinic
2026,Keleki Latu,TE,BUF,35.873863220214844,129.0,3.4,keleki latu
2026,Pharaoh Brown,TE,ARI,35.86006546020508,130.0,3.1,pharaoh brown
2026,Travis Vokolek,TE,ARI,35.65940856933594,131.0,3.0,travis vokolek
2026,John FitzPatrick,TE,GB,34.90753173828125,132.0,2.7,john fitzpatrick
2026,Marcedes Lewis,TE,DEN,34.796348571777344,133.0,2.7,marcedes lewis
2026,Jack Westover,TE,NE,34.661476135253906,134.0,2.7,jack westover
2026,Giovanni Ricci,TE,DET,34.2016716003418,135.0,2.6,giovanni ricci
2026,Ko Kieft,TE,TB,33.52185821533203,136.0,2.4,ko kieft
2026,Brayden Willis,TE,SF,33.1500244140625,137.0,2.1,brayden willis
2026,Will Mallory,TE,IND,32.80610275268555,138.0,2.1,will mallory
2026,Devin Culp,TE,TB,32.357933044433594,139.0,1.7,devin culp
2026,Mo Alie-Cox,TE,IND,31.69098281860352,140.0,1.4,mo aliecox
2026,Charlie Woerner,TE,ATL,30.843582153320312,141.0,1.3,charlie woerner
2026,Nick Kallerup,TE,SEA,30.643911361694336,142.0,1.3,nick kallerup
2026,Hayden Rucci,TE,SF,30.62459754943848,143.0,1.1,hayden rucci
2026,Albert Okwuegbunam,TE,LV,30.019922256469727,144.0,1.0,albert okwuegbunam
2026,Josiah Deguara,TE,ARI,30.018932342529297,145.0,0.0,josiah deguara
2026,Justin Shorter,TE,LV,29.973302841186523,146.0,0.0,justin shorter
2026,Jack Stoll,TE,CLE,29.423269271850582,147.0,0.0,jack stoll
2026,James Mitchell,TE,CAR,29.34432411193848,148.0,0.0,james mitchell
2026,Carter Runyon,TE,LV,28.95052146911621,149.0,0.0,carter runyon
2026,Moliki Matavao,TE,NO,28.782028198242188,150.0,0.0,moliki matavao
2026,Carsen Ryan,TE,CLE,28.058763247680663,151.0,0.0,carsen ryan
2026,Ross Dwelley,TE,DET,28.055063247680664,152.0,0.0,ross dwelley
2026,Eric Saubert,TE,SEA,27.557605743408203,153.0,0.0,eric saubert
2026,Andrew Ogletree,TE,IND,26.831233978271484,154.0,0.0,andrew ogletree
2026,Princeton Fant,TE,DAL,26.499073028564453,155.0,0.0,princeton fant
2026,Anthony Firkser,TE,WAS,24.93512916564941,156.0,0.0,anthony firkser
2026,Ian Thomas,TE,LV,24.03128433227539,157.0,0.0,ian thomas
2026,David Martin-Robinson,TE,TEN,22.93305778503418,158.0,0.0,david martinrobinson
2026,Hunter Long,TE,JAX,20.91263771057129,159.0,0.0,hunter long
2026,Thomas Fidone II,TE,NYG,14.996739387512209,160.0,0.0,thomas fidone
2026,Puka Nacua,WR,LA,324.21392822265625,1.0,375.0,puka nacua
2026,Jaxon Smith-Njigba,WR,SEA,295.13922119140625,2.0,359.9,jaxon smithnjigba
2026,Ja'Marr Chase,WR,CIN,270.45831298828125,3.0,324.0,jamarr chase
2026,Amon-Ra St. Brown,WR,DET,238.7957305908203,4.0,313.6,amonra st brown
2026,George Pickens,WR,DAL,236.6784210205078,5.0,291.9,george pickens
2026,CeeDee Lamb,WR,DAL,233.3509521484375,6.0,269.0,ceedee lamb
2026,Zay Flowers,WR,BAL,232.2062225341797,7.0,243.3,zay flowers
2026,Tetairoa McMillan,WR,CAR,229.3221130371093,8.0,226.2,tetairoa mcmillan
2026,Drake London,WR,ATL,226.44137573242188,9.0,222.9,drake london
2026,Nico Collins,WR,HOU,211.9966278076172,10.0,220.6,nico collins
2026,Brian Thomas Jr.,WR,JAX,209.99282836914065,11.0,220.3,brian thomas
2026,A.J. Brown,WR,NE,208.6900177001953,12.0,219.9,aj brown
2026,Jameson Williams,WR,DET,206.4885711669922,13.0,219.7,jameson williams
2026,Chris Olave,WR,NO,206.46432495117188,14.0,217.9,chris olave
2026,DK Metcalf,WR,PIT,202.3494567871093,15.0,211.6,dk metcalf
2026,Emeka Egbuka,WR,TB,201.28228759765625,16.0,211.4,emeka egbuka
2026,Ladd McConkey,WR,LAC,193.06668090820312,17.0,210.3,ladd mcconkey
2026,Justin Jefferson,WR,MIN,189.85986328125,18.0,202.4,justin jefferson
2026,Stefon Diggs,WR,NE,188.9815368652344,19.0,201.9,stefon diggs
2026,Michael Pittman,WR,PIT,188.75997924804688,20.0,201.8,michael pittman
2026,DeVonta Smith,WR,PHI,187.02056884765625,21.0,201.5,devonta smith
2026,Wan'Dale Robinson,WR,TEN,178.93148803710938,22.0,200.9,wandale robinson
2026,Tee Higgins,WR,CIN,176.75914001464844,23.0,195.7,tee higgins
2026,Jaylen Waddle,WR,DEN,176.3203125,24.0,194.1,jaylen waddle
2026,Terry McLaurin,WR,WAS,174.4486541748047,25.0,188.2,terry mclaurin
2026,Jauan Jennings,WR,MIN,171.2040252685547,26.0,187.2,jauan jennings
2026,Quentin Johnston,WR,LAC,170.8048553466797,27.0,184.7,quentin johnston
2026,Courtland Sutton,WR,DEN,165.79922485351562,28.0,183.3,courtland sutton
2026,Troy Franklin,WR,DEN,165.03671264648438,29.0,182.7,troy franklin
2026,Romeo Doubs,WR,NE,164.1483612060547,30.0,180.9,romeo doubs
2026,Carnell Tate,WR,TEN,163.937044042334,31.0,177.822,carnell tate
2026,Deebo Samuel Sr.,WR,WAS,163.88168334960938,32.0,177.1,deebo samuel
2026,DJ Moore,WR,BUF,158.7941436767578,33.0,175.8,dj moore
2026,Jayden Reed,WR,GB,157.83163452148438,34.0,173.3,jayden reed
2026,Michael Wilson,WR,ARI,154.86416625976562,35.0,171.2,michael wilson
2026,Luther Burden III,WR,CHI,153.7323455810547,36.0,170.2,luther burden
2026,Keenan Allen,WR,LAC,151.224365234375,37.0,166.4,keenan allen
2026,Khalil Shakir,WR,BUF,149.00010681152344,38.0,165.4,khalil shakir
2026,Jordyn Tyson,WR,NO,146.8075486357422,39.0,162.44,jordyn tyson
2026,Tyreek Hill,WR,MIA,146.25363159179688,40.0,161.7,tyreek hill
2026,Rashee Rice,WR,KC,145.20863342285156,41.0,156.6,rashee rice
2026,Davante Adams,WR,LA,142.64724731445312,42.0,150.1,davante adams
2026,Rome Odunze,WR,CHI,142.59585571289062,43.0,146.1,rome odunze
2026,Matthew Golden,WR,GB,141.9824981689453,44.0,138.8,matthew golden
2026,Malik Nabers,WR,NYG,140.5281524658203,45.0,137.7,malik nabers
2026,Makai Lemon,WR,PHI,137.98806066103515,46.0,136.478,makai lemon
2026,Christian Watson,WR,GB,137.82107543945312,47.0,136.4,christian watson
2026,Alec Pierce,WR,IND,137.33233642578125,48.0,135.1,alec pierce
2026,Travis Hunter,WR,JAX,133.52210998535156,49.0,132.4,travis hunter
2026,Jordan Addison,WR,MIN,131.7917022705078,50.0,129.5,jordan addison
2026,Tre Harris,WR,LAC,130.3448486328125,51.0,127.9,tre harris
2026,Parker Washington,WR,JAX,129.80874633789062,52.0,127.8,parker washington
2026,Garrett Wilson,WR,NYJ,129.2294158935547,53.0,126.1,garrett wilson
2026,Marvin Harrison Jr.,WR,ARI,128.86227416992188,54.0,124.1,marvin harrison
2026,Xavier Worthy,WR,KC,128.34173583984375,55.0,120.7,xavier worthy
2026,KC Concepcion,WR,CLE,128.03113268212888,56.0,117.64,kc concepcion
2026,Jakobi Meyers,WR,JAX,127.9916534423828,57.0,117.3,jakobi meyers
2026,Jerry Jeudy,WR,CLE,126.8096160888672,58.0,116.7,jerry jeudy
2026,Josh Downs,WR,IND,122.3267822265625,59.0,116.5,josh downs
2026,Jayden Higgins,WR,HOU,121.5749740600586,60.0,114.2,jayden higgins
2026,Mike Evans,WR,SF,120.1352767944336,61.0,114.0,mike evans
2026,Pat Bryant,WR,DEN,114.32942962646484,62.0,113.4,pat bryant
2026,Tre Tucker,WR,LV,111.49273681640624,63.0,109.9,tre tucker
2026,Ricky Pearsall,WR,SF,110.3468017578125,64.0,102.4,ricky pearsall
2026,Marvin Mims Jr.,WR,DEN,110.1662826538086,65.0,100.7,marvin mims
2026,Denzel Boston,WR,CLE,110.14053019282228,66.0,99.956,denzel boston
2026,Marquise Brown,WR,PHI,110.11767578125,67.0,99.5,marquise brown
2026,CJ Williams,WR,JAX,109.65353860717777,68.0,98.975,cj williams
2026,Lewis Bond,WR,HOU,109.49736621582032,69.0,98.8,lewis bond
2026,Jordan Whittington,WR,LA,109.49299621582033,70.0,98.8,jordan whittington
2026,Tez Johnson,WR,TB,106.4937744140625,71.0,98.0,tez johnson
2026,Omar Cooper Jr.,WR,NYJ,104.91224943068848,72.0,96.042,omar cooper
2026,Jalen Coker,WR,CAR,104.7118911743164,73.0,95.8,jalen coker
2026,Xavier Smith,WR,LA,102.8937759399414,74.0,93.0,xavier smith
2026,De'Zhaun Stribling,WR,SF,102.82954584541017,75.0,92.872,dezhaun stribling
2026,Anthony Smith,WR,DAL,102.79097516723633,76.0,92.8,anthony smith
2026,Dontayvion Wicks,WR,PHI,102.67950439453124,77.0,92.6,dontayvion wicks
2026,Andrei Iosivas,WR,CIN,101.9570770263672,78.0,92.1,andrei iosivas
2026,Xavier Hutchinson,WR,HOU,99.5684814453125,79.0,90.4,xavier hutchinson
2026,Keon Coleman,WR,BUF,99.54475402832033,80.0,89.9,keon coleman
2026,Chris Godwin Jr.,WR,TB,98.76969909667967,81.0,89.3,chris godwin
2026,Ryan Flournoy,WR,DAL,97.5341339111328,82.0,88.6,ryan flournoy
2026,Tory Horton,WR,SEA,95.5793914794922,83.0,87.9,tory horton
2026,Tutu Atwell,WR,MIA,94.4866943359375,84.0,86.2,tutu atwell
2026,Rashod Bateman,WR,BAL,94.19133758544922,85.0,84.8,rashod bateman
2026,Kalif Raymond,WR,CHI,94.07887268066406,86.0,84.8,kalif raymond
2026,Jalen McMillan,WR,TB,93.77375030517578,87.0,84.5,jalen mcmillan
2026,Jahan Dotson,WR,ATL,93.32460021972656,88.0,83.0,jahan dotson
2026,Kayshon Boutte,WR,NE,92.08377075195312,89.0,82.3,kayshon boutte
2026,Isaac TeSlaa,WR,DET,90.70543670654295,90.0,82.0,isaac teslaa
2026,Jalen Tolbert,WR,MIA,89.45295715332031,91.0,80.8,jalen tolbert
2026,Antonio Williams,WR,WAS,89.42415410996094,92.0,80.261,antonio williams
2026,Mack Hollins,WR,NE,89.15303039550781,93.0,75.9,mack hollins
2026,DeMario Douglas,WR,NE,87.8974609375,94.0,75.8,demario douglas
2026,Zachariah Branch,WR,ATL,87.76487867426758,95.0,75.36599999999999,zachariah branch
2026,Calvin Austin III,WR,NYG,87.6769027709961,96.0,75.1,calvin austin
2026,Xavier Legette,WR,CAR,87.5688705444336,97.0,74.8,xavier legette
2026,KaVontae Turpin,WR,DAL,87.05863952636719,98.0,73.5,kavontae turpin
2026,Germie Bernard,WR,PIT,86.8831426721924,99.0,73.47200000000001,germie bernard
2026,Sterling Shepard,WR,TB,84.4924087524414,100.0,73.1,sterling shepard
2026,Elic Ayomanor,WR,TEN,84.36210632324219,101.0,71.9,elic ayomanor
2026,Tyquan Thornton,WR,KC,83.27073669433594,102.0,70.0,tyquan thornton
2026,Calvin Ridley,WR,TEN,82.61442565917969,103.0,70.0,calvin ridley
2026,Darius Slayton,WR,NYG,81.97318267822266,104.0,69.4,darius slayton
2026,Chris Bell,WR,MIA,81.66937032900391,105.0,68.96000000000001,chris bell
2026,Ja'Kobi Lane,WR,BAL,81.66237254833985,106.0,68.95,jakobi lane
2026,Rashid Shaheed,WR,SEA,81.2734146118164,107.0,68.4,rashid shaheed
2026,Cyrus Allen,WR,KC,81.01157037929687,108.0,67.22399999999999,cyrus allen
2026,Malachi Fields,WR,NYG,81.00523884995117,109.0,67.196,malachi fields
2026,Jaylin Noel,WR,HOU,80.95684814453125,110.0,67.0,jaylin noel
2026,Ted Hurst,WR,TB,80.76024389487304,111.0,66.958,ted hurst
2026,Darnell Mooney,WR,NYG,80.00126647949219,112.0,66.8,darnell mooney
2026,Caleb Douglas,WR,MIA,79.99747512734375,113.0,66.78,caleb douglas
2026,Elijah Sarratt,WR,BAL,79.90914741567383,114.0,66.555,elijah sarratt
2026,Roman Wilson,WR,PIT,79.80499267578125,115.0,66.3,roman wilson
2026,Dante Pettis,WR,NO,78.6609878540039,116.0,65.1,dante pettis
2026,Chris Moore,WR,WAS,77.77719116210938,117.0,63.8,chris moore
2026,Olamide Zaccheaus,WR,ATL,75.55891418457031,118.0,60.0,olamide zaccheaus
2026,Tyrell Shavers,WR,BUF,74.69485473632812,119.0,58.7,tyrell shavers
2026,Greg Dortch,WR,DET,74.07959747314453,120.0,58.2,greg dortch
2026,Malik Washington,WR,MIA,73.8110580444336,121.0,57.9,malik washington
2026,Cedric Tillman,WR,CLE,73.12745666503906,122.0,57.1,cedric tillman
2026,Jonathan Mingo,WR,DAL,72.7186279296875,123.0,55.4,jonathan mingo
2026,Devaughn Vele,WR,NO,72.19552612304688,124.0,54.7,devaughn vele
2026,Skyler Bell,WR,BUF,70.84656321286622,125.0,53.728,skyler bell
2026,KeAndre Lambert-Smith,WR,LAC,70.52526092529297,126.0,53.5,keandre lambertsmith
2026,Cooper Kupp,WR,SEA,69.98442077636719,127.0,52.3,cooper kupp
2026,JuJu Smith-Schuster,WR,NYG,69.9095458984375,128.0,51.9,juju smithschuster
2026,Adam Thielen,WR,MIN,69.90457916259766,129.0,51.7,adam thielen
2026,Jaylin Lane,WR,WAS,69.1953353881836,130.0,51.3,jaylin lane
2026,Chris Brazzell II,WR,CAR,69.0865813291748,131.0,50.115,chris brazzell
2026,Kevin Austin Jr.,WR,NO,69.0860824584961,132.0,50.2,kevin austin
2026,Ashton Dulin,WR,IND,69.06608581542969,133.0,49.7,ashton dulin
2026,Chimere Dike,WR,TEN,68.36000061035156,134.0,49.2,chimere dike
2026,Jack Bech,WR,LV,67.15028381347656,135.0,49.2,jack bech
2026,Lil'Jordan Humphrey,WR,DEN,66.94429016113281,136.0,49.1,liljordan humphrey
2026,Konata Mumpfield,WR,LA,66.56737518310547,137.0,48.5,konata mumpfield
2026,Mason Tipton,WR,NO,66.21312713623047,138.0,48.3,mason tipton
2026,Brenen Thompson,WR,LAC,66.03034419340821,139.0,47.52,brenen thompson
2026,Jalen Cropper,WR,DAL,65.973876953125,140.0,47.3,jalen cropper
2026,Darius Cooper,WR,PHI,65.68159484863281,141.0,46.3,darius cooper
2026,Derius Davis,WR,LAC,65.01753234863281,142.0,45.5,derius davis
2026,Jalen Nailor,WR,LV,64.14854431152344,143.0,42.4,jalen nailor
2026,Isaiah Bond,WR,CLE,63.739288330078125,144.0,39.6,isaiah bond
2026,Kevin Coleman Jr.,WR,MIA,63.72559402618408,145.0,39.35,kevin coleman
2026,Kyle Williams,WR,NE,63.66936111450195,146.0,38.6,kyle williams
2026,Bryce Lance,WR,NO,63.57738548591309,147.0,38.6,bryce lance
2026,Josh Palmer,WR,BUF,62.30143356323242,148.0,38.6,josh palmer
2026,Elijah Moore,WR,PHI,62.02935791015625,149.0,37.7,elijah moore
2026,Parris Campbell,WR,DAL,61.82088088989258,150.0,37.6,parris campbell
2026,Demarcus Robinson,WR,SF,60.126014709472656,151.0,36.3,demarcus robinson
2026,Curtis Samuel,WR,BUF,58.74155807495117,152.0,35.9,curtis samuel
2026,Isaiah Hodgins,WR,NYG,58.07836151123047,153.0,34.6,isaiah hodgins
2026,Zavion Thomas,WR,CHI,58.03653831904297,154.0,34.504,zavion thomas
2026,Malik Benson,WR,LV,57.979609328808586,155.0,34.38399999999999,malik benson
2026,DeAndre Hopkins,WR,BAL,57.69884490966797,156.0,33.8,deandre hopkins
2026,Christian Kirk,WR,SF,57.44038009643555,157.0,33.0,christian kirk
2026,Van Jefferson,WR,WAS,57.319114685058594,158.0,32.0,van jefferson
2026,Zay Jones,WR,ARI,57.01769256591797,159.0,31.6,zay jones
2026,Dyami Brown,WR,WAS,56.855499267578125,160.0,31.6,dyami brown
2026,Luke McCaffrey,WR,WAS,56.713417053222656,161.0,31.2,luke mccaffrey
2026,Deion Burks,WR,IND,56.55938111810302,162.0,31.155,deion burks
2026,Jahdae Walker,WR,CHI,55.6621208190918,163.0,30.9,jahdae walker
2026,CJ Daniels,WR,LA,55.641224077331536,164.0,30.86999999999999,cj daniels
2026,Mitchell Tinsley,WR,CIN,55.17119598388672,165.0,30.3,mitchell tinsley
2026,Noah Brown,WR,WAS,54.792213439941406,166.0,30.0,noah brown
2026,Jimmy Horn Jr.,WR,CAR,53.48828887939453,167.0,29.9,jimmy horn
2026,Jakobie Keeney-James,WR,GB,53.46405792236328,168.0,29.0,jakobie keeneyjames
2026,Jalen Royals,WR,KC,51.84876251220703,169.0,28.7,jalen royals
2026,Colbie Young,WR,CIN,51.81498010839844,170.0,28.64,colbie young
2026,Brandin Cooks,WR,BUF,51.786468505859375,171.0,28.6,brandin cooks
2026,Austin Trammell,WR,JAX,51.59039306640625,172.0,27.5,austin trammell
2026,Casey Washington,WR,ATL,51.46961212158203,173.0,26.7,casey washington
2026,Anthony Gould,WR,IND,51.15718078613281,174.0,25.9,anthony gould
2026,Michael Bandy,WR,DEN,49.86421585083008,175.0,25.5,michael bandy
2026,Efton Chism III,WR,NE,49.79763412475586,176.0,25.2,efton chism
2026,Nick Westbrook-Ikhine,WR,IND,49.44200897216797,177.0,23.5,nick westbrookikhine
2026,Malik Heath,WR,GB,49.02751922607422,178.0,23.1,malik heath
2026,Cody White,WR,SEA,48.929954528808594,179.0,23.0,cody white
2026,Jared Wayne,WR,HOU,48.80168914794922,180.0,21.1,jared wayne
2026,Jacoby Jones,WR,WAS,47.68370819091797,181.0,20.7,jacoby jones
2026,Brycen Tremayne,WR,CAR,47.340911865234375,182.0,20.4,brycen tremayne
2026,Gabe Davis,WR,BUF,46.77780532836914,183.0,20.0,gabe davis
2026,Tyler Lockett,WR,LV,45.29054260253906,184.0,19.9,tyler lockett
2026,Kaden Wetjen,WR,PIT,44.57166823120117,185.0,19.7,kaden wetjen
2026,Jalin Hyatt,WR,NYG,44.56821823120117,186.0,19.7,jalin hyatt
2026,Reggie Virgil,WR,ARI,44.38890871459961,187.0,18.95,reggie virgil
2026,Jake Bobo,WR,SEA,44.20270919799805,188.0,18.2,jake bobo
2026,Treylon Burks,WR,WAS,43.40738677978516,189.0,18.0,treylon burks
2026,Josh Cameron,WR,JAX,43.30417062890625,190.0,17.88,josh cameron
2026,David Moore,WR,CAR,43.14078140258789,191.0,17.7,david moore
2026,David Sills,WR,TB,43.134952545166016,192.0,16.9,david sills
2026,Devontez Walker,WR,BAL,42.574195861816406,193.0,16.5,devontez walker
2026,Skyy Moore,WR,GB,42.240325927734375,194.0,16.1,skyy moore
2026,Kendrick Bourne,WR,ARI,41.81659698486328,195.0,15.9,kendrick bourne
2026,Dont'e Thornton Jr.,WR,LV,41.7099838256836,196.0,15.4,donte thornton
2026,Allen Lazard,WR,NYJ,40.705604553222656,197.0,15.2,allen lazard
2026,KhaDarel Hodge,WR,ATL,40.26179122924805,198.0,14.8,khadarel hodge
2026,Gage Larvadain,WR,CLE,39.97452545166016,199.0,14.6,gage larvadain
2026,Ke'Shawn Williams,WR,CIN,39.92728042602539,200.0,14.5,keshawn williams
2026,Deven Thompkins,WR,ATL,39.37614822387695,201.0,13.9,deven thompkins
2026,Kendrick Law,WR,DET,39.10088696563721,202.0,13.85,kendrick law
2026,Marquez Valdes-Scantling,WR,DAL,38.26183319091797,203.0,13.7,marquez valdesscantling
2026,Jamari Thrash,WR,CLE,38.14482879638672,204.0,13.5,jamari thrash
2026,Tim Patrick,WR,NYJ,37.96028900146485,205.0,13.3,tim patrick
2026,Tyler Johnson,WR,DAL,37.87078094482422,206.0,13.0,tyler johnson
2026,Xavier Weaver,WR,ARI,37.73974990844727,207.0,12.5,xavier weaver
2026,Jordan Watkins,WR,SF,37.694480895996094,208.0,12.4,jordan watkins
2026,Coleman Owen,WR,IND,36.905521392822266,209.0,11.4,coleman owen
2026,DJ Turner,WR,LV,36.8447151184082,210.0,11.2,dj turner
2026,Emmanuel Henderson Jr.,WR,SEA,36.81102219194336,211.0,10.902999999999988,emmanuel henderson
2026,Savion Williams,WR,GB,36.73280715942383,212.0,10.3,savion williams
2026,Jamal Agnew,WR,ATL,36.60506057739258,213.0,10.3,jamal agnew
2026,Dylan Drummond,WR,ATL,36.36940002441406,214.0,9.7,dylan drummond
2026,Scott Miller,WR,CHI,35.99744415283203,215.0,9.4,scott miller
2026,Gunner Olszewski,WR,NYG,35.871192932128906,216.0,8.5,gunner olszewski
2026,Xavier Gipson,WR,NYG,35.13150787353516,217.0,8.2,xavier gipson
2026,Britain Covey,WR,PHI,34.570953369140625,218.0,7.6,britain covey
2026,Tay Martin,WR,WAS,34.38071060180664,219.0,7.6,tay martin
2026,Ronnie Bell,WR,NO,33.917236328125,220.0,7.1,ronnie bell
2026,Hunter Renfrow,WR,CAR,33.70989227294922,221.0,6.8,hunter renfrow
2026,Robbie Chosen,WR,WAS,33.41553497314453,222.0,6.8,robbie chosen
2026,John Metchie III,WR,CAR,33.242576599121094,223.0,6.2,john metchie
2026,Shedrick Jackson,WR,LV,32.90367889404297,224.0,6.1,shedrick jackson
2026,Barion Brown,WR,NO,31.84107836303711,225.0,6.1,barion brown
2026,Steven Sims,WR,ARI,31.83797836303711,226.0,6.1,steven sims
2026,Devin Duvernay,WR,ARI,31.61372375488281,227.0,6.0,devin duvernay
2026,Tylan Wallace,WR,CLE,31.1984920501709,228.0,6.0,tylan wallace
2026,Trent Sherfield,WR,BUF,31.13460159301757,229.0,5.5,trent sherfield
2026,Charlie Jones,WR,CIN,30.7790470123291,230.0,5.1,charlie jones
2026,Ryan Miller,WR,NYG,30.269886016845703,231.0,4.7,ryan miller
2026,Andre Baccellia,WR,ARI,29.63063621520996,232.0,4.6,andre baccellia
2026,Justin Watson,WR,HOU,29.06624412536621,233.0,4.6,justin watson
2026,Ray-Ray McCloud,WR,NYG,28.76008033752441,234.0,4.5,rayray mccloud
2026,Dee Eskridge,WR,MIA,28.713266372680664,235.0,4.3,dee eskridge
2026,Samori Toure,WR,PHI,28.471569061279297,236.0,4.2,samori toure
2026,Chris Blair,WR,ATL,27.791194915771484,237.0,4.0,chris blair
2026,Nikko Remigio,WR,KC,27.76313209533692,238.0,4.0,nikko remigio
2026,Adonai Mitchell,WR,NYJ,27.18307113647461,239.0,4.0,adonai mitchell
2026,Tom Kennedy,WR,DET,27.000219345092773,240.0,3.5,tom kennedy
2026,Laquon Treadwell,WR,IND,26.7226619720459,241.0,3.5,laquon treadwell
2026,Mason Kinsey,WR,TEN,25.71587562561035,242.0,3.2,mason kinsey
2026,LaJohntay Wester,WR,BAL,25.60052490234375,243.0,2.8,lajohntay wester
2026,Malik Cunningham,WR,DET,25.31083106994629,244.0,2.7,malik cunningham
2026,Tim Jones,WR,JAX,24.919322967529297,245.0,2.6,tim jones
2026,Jason Brownlee,WR,KC,24.08650588989257,246.0,2.5,jason brownlee
2026,Dalevon Campbell,WR,LAC,23.66995620727539,247.0,2.4,dalevon campbell
2026,Bryce Oliver,WR,TEN,23.19586753845215,248.0,2.0,bryce oliver
2026,Isaiah Williams,WR,NYJ,22.85686492919922,249.0,1.8,isaiah williams
2026,Braxton Berrios,WR,NYG,22.69393920898437,250.0,1.5,braxton berrios
2026,Kameron Johnson,WR,TB,21.82197952270508,251.0,1.3,kameron johnson
2026,Xavier Restrepo,WR,TEN,21.131175994873047,252.0,0.5,xavier restrepo
2026,Malik Turner,WR,SF,20.52423477172852,253.0,0.0,malik turner
2026,Jeshaun Jones,WR,MIN,20.481578826904297,254.0,0.0,jeshaun jones
2026,Dominic Lovett,WR,DET,20.029857635498047,255.0,0.0,dominic lovett
2026,Quentin Skinner,WR,NYJ,19.18561553955078,256.0,0.0,quentin skinner
2026,Theo Wease Jr.,WR,MIA,17.108919143676758,257.0,0.0,theo wease
2026,Jalen Brooks,WR,ARI,16.328388214111328,258.0,0.0,jalen brooks
2026,Cedrick Wilson Jr.,WR,DET,14.844772338867188,259.0,0.0,cedrick wilson
2026,Beaux Collins,WR,NYG,14.83721923828125,260.0,0.0,beaux collins
2026,Mecole Hardman,WR,BUF,14.015981674194336,261.0,0.0,mecole hardman
2026,James Proche,WR,TEN,13.387596130371094,262.0,0.0,james proche
2026,Ben Skowronek,WR,PIT,12.636975288391112,263.0,0.0,ben skowronek
2026,Malachi Corley,WR,CLE,12.622459411621094,264.0,0.0,malachi corley
2026,Alex Bachman,WR,LV,12.594926834106444,265.0,0.0,alex bachman
2026,Simi Fehoko,WR,ARI,12.368925094604492,266.0,0.0,simi fehoko
2026,Myles Price,WR,MIN,12.282873153686523,267.0,0.0,myles price
2026,River Cracraft,WR,WAS,12.111479759216309,268.0,0.0,river cracraft
2026,Tahj Washington,WR,MIA,11.759946823120115,269.0,0.0,tahj washington
2026,Kaden Davis,WR,CLE,11.258214950561523,270.0,0.0,kaden davis
2026,Dalen Cambre,WR,NYG,10.062284469604492,271.0,0.0,dalen cambre
2026,Dareke Young,WR,LV,9.946759223937988,272.0,0.0,dareke young
2026,DeAndre Carter,WR,CLE,8.884328842163086,273.0,-1.4,deandre carter
2026,Arian Smith,WR,NYJ,7.420210838317871,274.0,-2.0,arian smith
2026,Tai Felton,WR,MIN,0.4869468808174133,275.0,-2.0,tai felton
2026,Josh Reynolds,WR,NYJ,-5.712399005889893,276.0,-6.0,josh reynolds
